{"cameraMode":{"drawMode":0,"name":"Shaded","section":"Shading Mode"},"sceneLighting":true,"audioPlay":false,"sceneViewState":{"showFog":true,"showMaterialUpdate":false,"showSkybox":true,"showFlares":true,"showImageEffects":true,"showParticleSystems":true},"in2DMode":false,"pivot":{"x":10.538536071777344,"y":6.143172740936279,"z":-0.9287094473838806},"rotation":{"x":-0.2596660554409027,"y":0.5626223683357239,"z":-0.19196723401546479,"w":-0.761052668094635},"size":4.041658878326416,"orthographic":false}